ddate,month,day,year,sampler,calcdtotal,nema_mass,othdip_mass,homo_mass,coleo_mass,hymeno_mass,thysano_mass,arach_mass,ephem_mass,hemi_mass,lepido_mass,tricop_mass,counter,qualityissue,mnotes
4/16/2010,4,16,2010,E1,6,2.547610277,15.48203211,0,0,0,0,0,0,0,0,0,ADM,1,48 hr sample; 4/16-4/17; all values are averaged (rounded up)
4/16/2010,4,16,2010,E2,6,2.547610277,15.48203211,0,0,0,0,0,0,0,0,0,ADM,1,48 hr sample; 4/16-4/17; all values are averaged (rounded up)
4/16/2010,4,16,2010,E3,19,22.1439304,4.395855035,0,0,0,0,0,0,0,0,0,ADM,1,48 hr sample; 4/16-4/17; all values are averaged (rounded up)
4/16/2010,4,16,2010,E4,24,12.48709692,3.212198366,0,0,0,0.516941132,0,0,0,0,0.631795,EMB,1,48 hr sample; 4/16-4/17; all values are averaged (rounded up)
4/17/2010,4,17,2010,E1,6,2.547610277,15.48203211,0,0,0,0,0,0,0,0,0,ADM,1,48 hr sample; 4/16-4/17; all values are averaged (rounded up)
4/17/2010,4,17,2010,E2,6,2.547610277,15.48203211,0,0,0,0,0,0,0,0,0,ADM,1,48 hr sample; 4/16-4/17; all values are averaged (rounded up)
4/17/2010,4,17,2010,E3,19,22.1439304,4.395855035,0,0,0,0,0,0,0,0,0,ADM,1,48 hr sample; 4/16-4/17; all values are averaged (rounded up)
4/17/2010,4,17,2010,E4,24,12.48709692,3.212198366,0,0,0,0.516941132,0,0,0,0,0.631795,EMB,1,48 hr sample; 4/16-4/17; all values are averaged (rounded up)
4/18/2010,4,18,2010,E1,3,2.617286587,8.791710069,0,0,0,0,0,0,0,0,0,ADM,0,
4/18/2010,4,18,2010,E2,2,2.547610277,0,0,0,0,0,0,0,0,0,0,ADM,0,
4/18/2010,4,18,2010,E3,6,0,26.37513021,0,0,0,0,0,0,0,0,0,MKL,0,
4/18/2010,4,18,2010,E4,0,0,0,0,0,0,0,0,0,0,0,0,MKL,0,no insects in sample
4/19/2010,4,19,2010,E1,4,2.644572278,4.395855035,0,0,0,0,0,0,0,0,0,ADM,1,48 hr sample; 4/19-4/20; all values are averaged (rounded up)
4/19/2010,4,19,2010,E2,6,3.42913437,13.1875651,0,0,0,0,0,0,0,0,0,ADM,1,48 hr sample; 4/19-4/20; all values are averaged (rounded up)
4/19/2010,4,19,2010,E3,17,18.09687225,2.294467007,0,1.575864849,0,0,0,0,0,0,0,EMB,1,48 hr sample; 4/19-4/20; all values are averaged (rounded up)
4/19/2010,4,19,2010,E4,13,4.416810513,0,0,0,0,0,0,0,0,0,1.895384999,EMB,1,48 hr sample; 4/19-4/20; all values are averaged (rounded up)
4/20/2010,4,20,2010,E1,4,2.644572278,4.395855035,0,0,0,0,0,0,0,0,0,ADM,1,48 hr sample; 4/19-4/20; all values are averaged (rounded up)
4/20/2010,4,20,2010,E2,6,3.42913437,13.1875651,0,0,0,0,0,0,0,0,0,ADM,1,48 hr sample; 4/19-4/20; all values are averaged (rounded up)
4/20/2010,4,20,2010,E3,17,18.09687225,2.294467007,0,1.575864849,0,0,0,0,0,0,0,EMB,1,48 hr sample; 4/19-4/20; all values are averaged (rounded up)
4/20/2010,4,20,2010,E4,13,4.416810513,0,0,0,0,0,0,0,0,0,1.895384999,EMB,1,48 hr sample; 4/19-4/20; all values are averaged (rounded up)
6/9/2010,5,9,2010,E2,271,233.1890353,0,0,0,0,0,0,40.87338337,0,0,8.317464539,ADM,0,
5/13/2010,5,13,2010,E4,9,7.303546036,0.917731359,0,0,0,0,0,0,0,0,12.65916698,EMB,1,48 hr sample; 5/13-5/14; all values are averaged (rounded up)
5/13/2010,5,13,2010,E5,33,19.24555629,0,0,0,0,0,0,0,0,0,8.874616899,EMB,1,48 hr sample; 5/13-5/14; all values are averaged (rounded up)
5/14/2010,5,14,2010,E4,9,7.303546036,0.917731359,0,0,0,0,0,0,0,0,12.65916698,EMB,1,48 hr sample; 5/13-5/14; all values are averaged (rounded up)
5/14/2010,5,14,2010,E5,33,19.24555629,0,0,0,0,0,0,0,0,0,8.874616899,EMB,1,48 hr sample; 5/13-5/14; all values are averaged (rounded up)
5/15/2010,5,15,2010,E1,48,59.04205452,8.791710069,0,0,0,0,0,0,0,0,0.557152361,EMB,1,48 hr sample; 5/15-5/16; all values are averaged (rounded up)
5/15/2010,5,15,2010,E2,76,83.2839103,4.395855035,2.962057017,0,0,0,0,0,0,0,0.557152361,JRG,1,48 hr sample; 5/15-5/16; all values are averaged (rounded up)
5/15/2010,5,15,2010,E3,70,70.46115448,13.38064408,1.950804138,4.614884168,0,0,0,0,0,0,1.18894736,JRG,1,48 hr sample; 5/15-5/16; all values are averaged (rounded up)
5/15/2010,5,15,2010,E4,5,6.718926658,0,0,0,0,0,0,0,0,0,0,EMB,1,48 hr sample; 5/15-5/16; all values are averaged (rounded up)
5/15/2010,5,15,2010,E5,27,13.64112692,0,0,0,0,0,0,0,0,0,29.55170886,EMB,1,48 hr sample; 5/15-5/16; all values are averaged (rounded up)
5/16/2010,5,16,2010,E1,48,59.04205452,8.791710069,0,0,0,0,0,0,0,0,0.557152361,EMB,1,48 hr sample; 5/15-5/16; all values are averaged (rounded up)
5/16/2010,5,16,2010,E2,76,83.2839103,4.395855035,2.962057017,0,0,0,0,0,0,0,0.557152361,JRG,1,48 hr sample; 5/15-5/16; all values are averaged (rounded up)
5/16/2010,5,16,2010,E3,70,70.46115448,13.38064408,1.950804138,4.614884168,0,0,0,0,0,0,1.18894736,JRG,1,48 hr sample; 5/15-5/16; all values are averaged (rounded up)
5/16/2010,5,16,2010,E4,5,6.718926658,0,0,0,0,0,0,0,0,0,0,EMB,1,48 hr sample; 5/15-5/16; all values are averaged (rounded up)
5/16/2010,5,16,2010,E5,27,13.64112692,0,0,0,0,0,0,0,0,0,29.55170886,EMB,1,48 hr sample; 5/15-5/16; all values are averaged (rounded up)
5/17/2010,5,17,2010,E1,121,149.3886615,2.753194076,0,0,1.651181523,0,0,6.812230562,0,0,3.342914163,KM,1,48 hr sample; 5/17-5/18; all values are averaged (rounded up)
5/17/2010,5,17,2010,E2,179,167.6197233,13.57316862,0,0,0,0.516941132,0,6.812230562,0,0,6.128675966,EMB,1,48 hr sample; 5/17-5/18; all values are averaged (rounded up)
5/17/2010,5,17,2010,E3,166,219.1542428,1.835462717,0,1.575864849,4.868572184,0,0,6.812230562,0,0,7.377194618,ADM,1,48 hr sample; 5/17-5/18; all values are averaged (rounded up)
5/17/2010,5,17,2010,E4,23,13.92912604,0,0,0,0,0,0,0,0,0,0.557152361,EMB,1,48 hr sample; 5/17-5/18; all values are averaged (rounded up)
5/17/2010,5,17,2010,E5,144,101.2010433,0,0,0,0,0,2.231589866,0,0,0,35.14192995,JRG,1,48 hr sample; 5/17-5/18; all values are averaged (rounded up)
5/18/2010,5,18,2010,E1,121,149.3886615,2.753194076,0,0,1.651181523,0,0,6.812230562,0,0,3.342914163,KM,1,48 hr sample; 5/17-5/18; all values are averaged (rounded up)
5/18/2010,5,18,2010,E2,179,167.6197233,13.57316862,0,0,0,0.516941132,0,6.812230562,0,0,6.128675966,EMB,1,48 hr sample; 5/17-5/18; all values are averaged (rounded up)
5/18/2010,5,18,2010,E3,166,219.1542428,1.835462717,0,1.575864849,4.868572184,0,0,6.812230562,0,0,7.377194618,ADM,1,48 hr sample; 5/17-5/18; all values are averaged (rounded up)
5/18/2010,5,18,2010,E4,23,13.92912604,0,0,0,0,0,0,0,0,0,0.557152361,EMB,1,48 hr sample; 5/17-5/18; all values are averaged (rounded up)
5/18/2010,5,18,2010,E5,144,101.2010433,0,0,0,0,0,2.231589866,0,0,0,35.14192995,JRG,1,48 hr sample; 5/17-5/18; all values are averaged (rounded up)
5/19/2010,5,19,2010,E1,162,168.4607097,10.62717279,0,1.82693176,0,0,0,8.024850344,0,0,6.128675966,EMB,1,48 hr sample; 5/19-5/20; all values are averaged (rounded up)
5/19/2010,5,19,2010,E2,268,178.446532,19.65434655,0,0,59.56842911,0,0.334035168,13.62446112,0,0,6.203318605,JRG,1,48 hr sample; 5/19-5/20; all values are averaged (rounded up)
5/19/2010,5,19,2010,E3,148,152.3463169,10.36124748,0,6.190749017,1.651181523,0,0,9.865446994,0,0,5.571523605,JRG,1,48 hr sample; 5/19-5/20; all values are averaged (rounded up)
5/19/2010,5,19,2010,E4,63,65.83104578,0.917731359,0,0,0,0,0,0,0,0,3.477128094,EMB,1,48 hr sample; 5/19-5/20; all values are averaged (rounded up)
5/19/2010,5,19,2010,E5,132,104.0601586,1.109327951,0,6.190749017,0,0,2.231589866,0,0,0,10.19777819,JRG,1,48 hr sample; 5/19-5/20; all values are averaged (rounded up)
5/20/2010,5,20,2010,E1,162,168.4607097,10.62717279,0,1.82693176,0,0,0,8.024850344,0,0,6.128675966,EMB,1,48 hr sample; 5/19-5/20; all values are averaged (rounded up)
5/20/2010,5,20,2010,E2,268,178.446532,19.65434655,0,0,59.56842911,0,0.334035168,13.62446112,0,0,6.203318605,JRG,1,48 hr sample; 5/19-5/20; all values are averaged (rounded up)
5/20/2010,5,20,2010,E3,148,152.3463169,10.36124748,0,6.190749017,1.651181523,0,0,9.865446994,0,0,5.571523605,JRG,1,48 hr sample; 5/19-5/20; all values are averaged (rounded up)
5/20/2010,5,20,2010,E4,63,65.83104578,0.917731359,0,0,0,0,0,0,0,0,3.477128094,EMB,1,48 hr sample; 5/19-5/20; all values are averaged (rounded up)
5/20/2010,5,20,2010,E5,132,104.0601586,1.109327951,0,6.190749017,0,0,2.231589866,0,0,0,10.19777819,JRG,1,48 hr sample; 5/19-5/20; all values are averaged (rounded up)
6/4/2010,6,4,2010,E1,388,313.8431567,1.835462717,0.50562644,1.575864849,0,0,0,11.3554103,0,0,28.77676456,EMB,1,48 hr sample; 6/4-6/5; all values are averaged (rounded up)
6/4/2010,6,4,2010,E2,756,628.6797011,0.191596593,0.50562644,1.575864849,0,0.516941132,0,22.18675507,0,0,28.8514072,JRG,1,48 hr sample; 6/4-6/5; all values are averaged (rounded up)
6/4/2010,6,4,2010,E3,562,419.9983309,6.231317752,0,0,4.868572184,0,0,21.70229887,0,0,22.05702516,JRG,1,48 hr sample; 6/4-6/5; all values are averaged (rounded up)
6/4/2010,6,4,2010,E4,547,92.7142243,10.81876938,0,0,0,0,0,0,0,0,317.8485375,JRG,1,48 hr sample; 6/4-6/5; all values are averaged (rounded up)
6/4/2010,6,4,2010,E5,744,51.15692473,0.917731359,0,0.251066911,0,0,0,0,0,0,857.7743327,EMB,1,48 hr sample; 6/4-6/5; all values are averaged (rounded up)
6/4/2010,6,4,2010,E6,1392,335.2359646,1.109327951,0,0,1.651181523,0,0,3.637859349,0,0,574.9353415,JRG,1,48 hr sample; 6/4-6/5; all values are averaged (rounded up)
6/5/2010,6,5,2010,E1,388,313.8431567,1.835462717,0.50562644,1.575864849,0,0,0,11.3554103,0,0,28.77676456,EMB,1,48 hr sample; 6/4-6/5; all values are averaged (rounded up)
6/5/2010,6,5,2010,E2,756,628.6797011,0.191596593,0.50562644,1.575864849,0,0.516941132,0,22.18675507,0,0,28.8514072,JRG,1,48 hr sample; 6/4-6/5; all values are averaged (rounded up)
6/5/2010,6,5,2010,E3,562,419.9983309,6.231317752,0,0,4.868572184,0,0,21.70229887,0,0,22.05702516,JRG,1,48 hr sample; 6/4-6/5; all values are averaged (rounded up)
6/5/2010,6,5,2010,E4,547,92.7142243,10.81876938,0,0,0,0,0,0,0,0,317.8485375,JRG,1,48 hr sample; 6/4-6/5; all values are averaged (rounded up)
6/5/2010,6,5,2010,E5,744,51.15692473,0.917731359,0,0.251066911,0,0,0,0,0,0,857.7743327,EMB,1,48 hr sample; 6/4-6/5; all values are averaged (rounded up)
6/5/2010,6,5,2010,E6,1392,335.2359646,1.109327951,0,0,1.651181523,0,0,3.637859349,0,0,574.9353415,JRG,1,48 hr sample; 6/4-6/5; all values are averaged (rounded up)
6/6/2010,6,6,2010,E1,35,38.47191638,2.294467007,0,0,0,0,0,0,0,0,1.114304721,EMB,0,
6/6/2010,6,6,2010,E2,58,44.66395584,0,1.950804138,0,0,0,0,20.43669168,0,0,6.944494072,EMB,0,
6/6/2010,6,6,2010,E3,51,51.60568971,0,0,0,0,0,0,0,0,0,6.387341711,JRG,0,
6/6/2010,6,6,2010,E4,8,1.772238235,3.403794958,0,0,0,0,0,0,0,0,0.557152361,EMB,0,
6/6/2010,6,6,2010,E5,17,7.673572319,0.917731359,0,0,0,0,0,0,0,0,0,ADM,0,
6/6/2010,6,6,2010,E6,52,43.24949687,0,0,0,0,0,0,0,0,0,0.557152361,ADM,0,
6/7/2010,6,7,2010,E1,146,143.7940723,0,0,0,4.868572184,0,0,20.43669168,0,0,1.114304721,ADM,0,
6/7/2010,6,7,2010,E2,213,191.9679209,0.917731359,0,6.190749017,0,0,0,34.06115281,0,0,1.671457082,EMB,0,
6/7/2010,6,7,2010,E3,93,96.15262885,4.395855035,0,0,0,0,0,0,0,0,5.839951467,EMB,0,
6/7/2010,6,7,2010,E4,23,0.881524093,0,0,0,0,0,0,0,0,0,69.06603996,EMB,0,
6/7/2010,6,7,2010,E5,63,5.928904233,0,0,0,0,0,0,0,0,0,137.9116359,ADM,0,
6/7/2010,6,7,2010,E6,191,44.02932143,0,0,0,0,0,0,0,0,0,229.7707601,ADM,0,
6/8/2010,6,8,2010,E1,143,126.6594402,0,0,0,0,0,0,13.62446112,0,0,18.6723265,EMB,0,
6/8/2010,6,8,2010,E2,206,185.637991,0,0,0,0,0,0,27.24892225,0,0,13.21631934,ADM,0,
6/8/2010,6,8,2010,E3,124,102.6629833,4.395855035,0,0,0,0,0,20.43669168,0,0,4.71588463,JRG,0,
6/8/2010,6,8,2010,E4,35,2.069142949,0,0,0,0,0,0,0,0,0,62.33385675,MKL,0,
6/8/2010,6,8,2010,E5,73,7.988857132,0,0,0,0,0,0,0,0,0,127.7983168,ADM,0,
6/8/2010,6,8,2010,E6,181,66.78989387,0,0,0,0,0,0,0,0,0,25.71349728,EMB,0,
6/9/2010,6,9,2010,E1,106,85.33542492,0,0,0,0,0,0,34.06115281,0,0,13.21631934,ADM,0,
6/9/2010,6,9,2010,E3,169,154.797086,0,0,0,0,0,0,27.24892225,0,0,8.500434708,JRG,0,
6/9/2010,6,9,2010,E4,11,1.475333521,0,0,0,0,0,0,0,0,0,27.31521699,ADM,0,
6/9/2010,6,9,2010,E5,29,5.892144034,0,0,0,0,0,0,0,0,0,52.98826325,ADM,0,
6/9/2010,6,9,2010,E6,183,86.30478472,0.917731359,0,0,0,0,0,0,0,0,26.84155473,EMB,0,
6/10/2010,6,10,2010,E1,258,124.4097719,0.191596593,0,0,0,0,0,17.30565442,0,0,4.71588463,JRG,1,48 hr sample; 6/10-6/11; all values are averaged (rounded up)
6/10/2010,6,10,2010,E2,435,188.6916783,0.917731359,0,0,0,0,0,21.64931147,0,0,6.944494072,JRG,1,48 hr sample; 6/10-6/11; all values are averaged (rounded up)
6/10/2010,6,10,2010,E3,307,111.3581051,0,0,0,0,0,0,20.43669168,0,0,15.9533249,EMB,1,48 hr sample; 6/10-6/11; all values are averaged (rounded up)
6/10/2010,6,10,2010,E4,398,29.55262067,1.109327951,0,0,0,0,0,0,0,0,302.802381,EMB,1,48 hr sample; 6/10-6/11; all values are averaged (rounded up)
6/10/2010,6,10,2010,E5,428,25.71341411,0.917731359,0,0,1.651181523,0,0,0,0,0,283.1080038,JRG,1,48 hr sample; 6/10-6/11; all values are averaged (rounded up)
6/10/2010,6,10,2010,E6,505,159.6199151,0.917731359,0,0,0,0,0,0,0,0,225.6100306,JRG,1,48 hr sample; 6/10-6/11; all values are averaged (rounded up)
6/11/2010,6,11,2010,E1,258,124.4097719,0.191596593,0,0,0,0,0,17.30565442,0,0,4.71588463,JRG,1,48 hr sample; 6/10-6/11; all values are averaged (rounded up)
6/11/2010,6,11,2010,E2,435,188.6916783,0.917731359,0,0,0,0,0,21.64931147,0,0,6.944494072,JRG,1,48 hr sample; 6/10-6/11; all values are averaged (rounded up)
6/11/2010,6,11,2010,E3,307,111.3581051,0,0,0,0,0,0,20.43669168,0,0,15.9533249,EMB,1,48 hr sample; 6/10-6/11; all values are averaged (rounded up)
6/11/2010,6,11,2010,E4,398,29.55262067,1.109327951,0,0,0,0,0,0,0,0,302.802381,EMB,1,48 hr sample; 6/10-6/11; all values are averaged (rounded up)
6/11/2010,6,11,2010,E5,428,25.71341411,0.917731359,0,0,1.651181523,0,0,0,0,0,283.1080038,JRG,1,48 hr sample; 6/10-6/11; all values are averaged (rounded up)
6/11/2010,6,11,2010,E6,505,159.6199151,0.917731359,0,0,0,0,0,0,0,0,225.6100306,JRG,1,48 hr sample; 6/10-6/11; all values are averaged (rounded up)
6/16/2010,6,16,2010,E1,60,32.84447321,0.917731359,0.50562644,0,0,0,0,40.87338337,0,0,4.158732269,EMB,1,48 hr sample; 6/16-6/17; all values are averaged (rounded up)
6/16/2010,6,16,2010,E2,78,52.29225066,0.917731359,0,1.575864849,0,0.516941132,0,15.72074541,0,0,8.874616899,MKL,1,48 hr sample; 6/16-6/17; all values are averaged (rounded up)
6/16/2010,6,16,2010,E3,64,45.12788716,0.917731359,0,0,0,0,0,13.62446112,0,0,5.27303699,MKL,1,48 hr sample; 6/16-6/17; all values are averaged (rounded up)
6/17/2010,6,17,2010,E1,60,32.84447321,0.917731359,0.50562644,0,0,0,0,40.87338337,0,0,4.158732269,EMB,1,48 hr sample; 6/16-6/17; all values are averaged (rounded up)
6/17/2010,6,17,2010,E2,78,52.29225066,0.917731359,0,1.575864849,0,0.516941132,0,15.72074541,0,0,8.874616899,MKL,1,48 hr sample; 6/16-6/17; all values are averaged (rounded up)
6/17/2010,6,17,2010,E3,64,45.12788716,0.917731359,0,0,0,0,0,13.62446112,0,0,5.27303699,MKL,1,48 hr sample; 6/16-6/17; all values are averaged (rounded up)
6/18/2010,6,18,2010,E1,123,65.24388732,1.835462717,0.50562644,0,9.164398754,0,0,38.38756641,0,0,2.362823373,EMB,1,48 hr sample; 6/18-6/19; all values are averaged (rounded up)
6/18/2010,6,18,2010,E2,223,184.7486077,1.835462717,5.590260016,1.575864849,4.868572184,0,0,14.50812563,0,0,3.477128094,MKL,1,48 hr sample; 6/18-6/19; all values are averaged (rounded up)
6/18/2010,6,18,2010,E3,172,116.1475797,1.835462717,1.950804138,4.614884168,0,0.516941132,0,34.50298506,0,0,11.12275057,MKL,1,48 hr sample; 6/18-6/19; all values are averaged (rounded up)
6/18/2010,6,18,2010,E4,169,41.5595808,2.753194076,0,0,0,0,0,0,0,0,215.7040456,MKL,1,total derived from 2 samples: all of June 18A + 5/13 of June 18B/19
6/18/2010,6,18,2010,E5,361,83.92570292,2.944790669,0,0,1.651181523,0,6.778044728,0,0,0,578.8508786,"MKL,JPH",1,total derived from 2 samples: all of June 18A + 5/13 of June 18B/19
6/18/2010,6,18,2010,E6,711,331.1828156,1.835462717,0,0,0,0,0,0,0,0,448.4218592,MKL,1,total derived from 2 samples: all of June 18A + 5/13 of June 18B/19
6/19/2010,6,19,2010,E1,123,65.24388732,1.835462717,0.50562644,0,9.164398754,0,0,38.38756641,0,0,2.362823373,EMB,1,48 hr sample; 6/18-6/19; all values are averaged (rounded up)
6/19/2010,6,19,2010,E2,223,184.7486077,1.835462717,5.590260016,1.575864849,4.868572184,0,0,14.50812563,0,0,3.477128094,MKL,1,48 hr sample; 6/18-6/19; all values are averaged (rounded up)
6/19/2010,6,19,2010,E3,172,116.1475797,1.835462717,1.950804138,4.614884168,0,0.516941132,0,34.50298506,0,0,11.12275057,MKL,1,48 hr sample; 6/18-6/19; all values are averaged (rounded up)
6/19/2010,6,19,2010,E4,206,35.25518995,0.191596593,0,0,0,0,0,0,0,0,326.4921684,MKL,1,39 hr sample; 6/18-6/19; total derived from (8/13) of June 18B/19
6/19/2010,6,19,2010,E5,460,75.08260739,2.02705931,0,0,1.651181523,0,7.112079896,0,0,0,928.5622668,MKL,1,39 hr sample; 6/18-6/19; total derived from (8/13) of June 18B/19
6/19/2010,6,19,2010,E6,867,371.0931642,0.917731359,0,0.251066911,0,0.516941132,0,0,0,0,694.7589873,MKL,1,39 hr sample; 6/18-6/19; total derived from (8/13) of June 18B/19
6/28/2010,6,28,2010,E1,35,23.06538603,0.917731359,0.050280535,0,0,0,0,6.812230562,0,0,4.158732269,MKL,1,48 hr sample; 6/28-6/29; all values are averaged (rounded up)
6/28/2010,6,28,2010,E2,59,46.48787858,0,0,4.614884168,1.651181523,0,0,0,0,0,0,JPH,1,48 hr sample; 6/28-6/29; all values are averaged (rounded up)
6/28/2010,6,28,2010,E3,71,48.1938963,0.917731359,0,0,0,0,0,0,0,0,0,JPH,1,48 hr sample; 6/28-6/29; all values are averaged (rounded up)
6/28/2010,6,28,2010,E4,45,14.55022116,2.02705931,0,0,0,0,0,0,0,0,24.19819774,MKL,1,48 hr sample; 6/28-6/29; all values are averaged (rounded up)
6/28/2010,6,28,2010,E5,268,67.79371173,1.492521137,0.70392749,0,0,0,0,0,0,0,246.4141907,MKL,1,48 hr sample; 6/28-6/29; all values are averaged (rounded up)
6/28/2010,6,28,2010,E6,607,190.5103188,8.299833834,0,0,6.519753707,0.516941132,0,6.812230562,0,0,480.9554829,MKL,1,48 hr sample; 6/28-6/29; all values are averaged (rounded up)
6/29/2010,6,29,2010,E1,35,23.06538603,0.917731359,0.050280535,0,0,0,0,6.812230562,0,0,4.158732269,MKL,1,48 hr sample; 6/28-6/29; all values are averaged (rounded up)
6/29/2010,6,29,2010,E2,59,46.48787858,0,0,4.614884168,1.651181523,0,0,0,0,0,0,JPH,1,48 hr sample; 6/28-6/29; all values are averaged (rounded up)
6/29/2010,6,29,2010,E3,71,48.1938963,0.917731359,0,0,0,0,0,0,0,0,0,JPH,1,48 hr sample; 6/28-6/29; all values are averaged (rounded up)
6/29/2010,6,29,2010,E4,45,14.55022116,2.02705931,0,0,0,0,0,0,0,0,24.19819774,MKL,1,48 hr sample; 6/28-6/29; all values are averaged (rounded up)
6/29/2010,6,29,2010,E5,268,67.79371173,1.492521137,0.70392749,0,0,0,0,0,0,0,246.4141907,MKL,1,48 hr sample; 6/28-6/29; all values are averaged (rounded up)
6/29/2010,6,29,2010,E6,607,190.5103188,8.299833834,0,0,6.519753707,0.516941132,0,6.812230562,0,0,480.9554829,MKL,1,48 hr sample; 6/28-6/29; all values are averaged (rounded up)
6/30/2010,6,30,2010,E1,41,29.04213068,0.917731359,0,0,0,0,2.231589866,13.62446112,0,0,1.805671012,MKL,1,48 hr sample; 6/30-7/1; all values are averaged (rounded up)
6/30/2010,6,30,2010,E2,47,30.5174642,0.917731359,0,6.190749017,0,0,0,0,0,0,7.635860363,MKL,1,48 hr sample; 6/30-7/1; all values are averaged (rounded up)
6/30/2010,6,30,2010,E3,69,33.72955693,0,0,0,1.651181523,0,0,0,0,0,6.521555642,MKL,1,48 hr sample; 6/30-7/1; all values are averaged (rounded up)
6/30/2010,6,30,2010,E4,7,0.296904714,1.109327951,0,0,0,0,0.334035168,0,0,0,2.919975734,JPH,1,48 hr sample; 6/30-7/1; all values are averaged (rounded up)
6/30/2010,6,30,2010,E5,71,20.32100438,0,0,0,0,0.516941132,0,0,0,0,49.1821374,MKL,1,48 hr sample; 6/30-7/1; all values are averaged (rounded up)
6/30/2010,6,30,2010,E6,264,85.16628745,1.109327951,0,0,0,0,0,0,0,0,147.3895005,MKL,1,48 hr sample; 6/30-7/1; all values are averaged (rounded up)
6/16/2010,6,16,2010,E4,115,8.438257568,0,0.50562644,0,1.651181523,0,0,0,0,0,173.4725926,MKL,1,total derived from 2 samples: all of June 16A + 2/3 of June 16B/17A
6/16/2010,6,16,2010,E5,187,22.78647313,0.191596593,0,0,1.651181523,0,0,0,0,0,457.3709347,"MKL,JPH",1,total derived from 2 samples: all of June 16A + 2/3 of June 16B/17A
6/16/2010,6,16,2010,E6,254,39.47277,2.753194076,0,0,6.519753707,0,0,0,0,0,496.1043782,"MKL,JPH",1,total derived from 2 samples: all of June 16A + 2/3 of June 16B/17A
6/16/2010,6,17,2010,E4,86,7.934001293,0,0,0,0,0,0,0,0,0,125.5158532,MKL,1,total derived from 2 samples: all of June 17B + 1/3 of June 16B/17A
6/16/2010,6,17,2010,E5,189,31.68414004,0,0,0,0,0,0,0,0,0,333.4353736,MKL,1,total derived from 2 samples: all of June 17B + 1/3 of June 16B/17A
6/16/2010,6,17,2010,E6,293,68.88247842,0.917731359,0,0,1.651181523,0,0,0,0,0,393.0779703,MKL,1,total derived from 2 samples: all of June 17B + 1/3 of June 16B/17A
7/1/2010,7,1,2010,E1,41,29.04213068,0.917731359,0,0,0,0,2.231589866,13.62446112,0,0,1.805671012,MKL,1,48 hr sample; 6/30-7/1; all values are averaged (rounded up)
7/1/2010,7,1,2010,E2,47,30.5174642,0.917731359,0,6.190749017,0,0,0,0,0,0,7.635860363,MKL,1,48 hr sample; 6/30-7/1; all values are averaged (rounded up)
7/1/2010,7,1,2010,E3,69,33.72955693,0,0,0,1.651181523,0,0,0,0,0,6.521555642,MKL,1,48 hr sample; 6/30-7/1; all values are averaged (rounded up)
7/1/2010,7,1,2010,E4,7,0.296904714,1.109327951,0,0,0,0,0.334035168,0,0,0,2.919975734,JPH,1,48 hr sample; 6/30-7/1; all values are averaged (rounded up)
7/1/2010,7,1,2010,E5,71,20.32100438,0,0,0,0,0.516941132,0,0,0,0,49.1821374,MKL,1,48 hr sample; 6/30-7/1; all values are averaged (rounded up)
7/1/2010,7,1,2010,E6,264,85.16628745,1.109327951,0,0,0,0,0,0,0,0,147.3895005,MKL,1,48 hr sample; 6/30-7/1; all values are averaged (rounded up)
7/2/2010,7,2,2010,E1,47,29.41790175,6.422914345,0,4.614884168,0,0,0,6.812230562,0,0,8.392107178,MKL,1,48 hr sample; 7/2-7/3; all values are averaged (rounded up)
7/2/2010,7,2,2010,E2,86,52.11385939,3.595391551,0.50562644,1.575864849,20.33237107,0,0,0,0,0,4.790527269,MKL,1,48 hr sample; 7/2-7/3; all values are averaged (rounded up)
7/2/2010,7,2,2010,E3,71,37.42802586,6.231317752,0.050280535,1.575864849,4.868572184,0,0.334035168,0,0,0,0.557152361,MKL,1,48 hr sample; 7/2-7/3; all values are averaged (rounded up)
7/2/2010,7,2,2010,E4,111,45.84750991,1.835462717,0.50562644,0,0,0,0,0,0,0,9.680530642,MKL,1,48 hr sample; 7/2-7/3; all values are averaged (rounded up)
7/2/2010,7,2,2010,E5,375,125.8009963,3.176638867,2.011221399,1.575864849,0,0,0,4.326413606,0,0,135.9069643,MKL,1,48 hr sample; 7/2-7/3; all values are averaged (rounded up)
7/2/2010,7,2,2010,E6,629,250.1215976,6.464371116,0,0,0,0,0,0,0,0,236.9340506,MKL,1,48 hr sample; 7/2-7/3; all values are averaged (rounded up)
7/3/2010,7,3,2010,E1,47,29.41790175,6.422914345,0,4.614884168,0,0,0,6.812230562,0,0,8.392107178,MKL,1,48 hr sample; 7/2-7/3; all values are averaged (rounded up)
7/3/2010,7,3,2010,E2,86,52.11385939,3.595391551,0.50562644,1.575864849,20.33237107,0,0,0,0,0,4.790527269,MKL,1,48 hr sample; 7/2-7/3; all values are averaged (rounded up)
7/3/2010,7,3,2010,E3,71,37.42802586,6.231317752,0.050280535,1.575864849,4.868572184,0,0.334035168,0,0,0,0.557152361,MKL,1,48 hr sample; 7/2-7/3; all values are averaged (rounded up)
7/3/2010,7,3,2010,E4,111,45.84750991,1.835462717,0.50562644,0,0,0,0,0,0,0,9.680530642,MKL,1,48 hr sample; 7/2-7/3; all values are averaged (rounded up)
7/3/2010,7,3,2010,E5,375,125.8009963,3.176638867,2.011221399,1.575864849,0,0,0,4.326413606,0,0,135.9069643,MKL,1,48 hr sample; 7/2-7/3; all values are averaged (rounded up)
7/3/2010,7,3,2010,E6,629,250.1215976,6.464371116,0,0,0,0,0,0,0,0,236.9340506,MKL,1,48 hr sample; 7/2-7/3; all values are averaged (rounded up)
7/4/2010,7,4,2010,E1,50,30.79944461,0,0.50562644,0,0,0.516941132,0,0,0,0,6.596198282,MKL,1,48 hr sample; 7/4-7/5; all values are averaged (rounded up)
7/4/2010,7,4,2010,E2,108,76.30253393,2.753194076,0,0,0,0,0.334035168,6.812230562,0,0,7.635860363,MKL,1,48 hr sample; 7/4-7/5; all values are averaged (rounded up)
7/4/2010,7,4,2010,E3,101,73.4732277,2.869256785,0,1.575864849,1.651181523,0,0,0,0,0,9.74895336,JPH,1,48 hr sample; 7/4-7/5; all values are averaged (rounded up)
7/4/2010,7,4,2010,E4,98,42.78919408,1.835462717,0,0,0,0,0,0,0,14.87332643,8.143203548,MKL,1,48 hr sample; 7/4-7/5; all values are averaged (rounded up)
7/4/2010,7,4,2010,E5,232,78.34349774,1.492521137,0.90504963,0,1.651181523,0,0,0,0,0,102.0500668,MKL,1,48 hr sample; 7/4-7/5; all values are averaged (rounded up)
7/5/2010,7,5,2010,E1,50,30.79944461,0,0.50562644,0,0,0.516941132,0,0,0,0,6.596198282,MKL,1,48 hr sample; 7/4-7/5; all values are averaged (rounded up)
7/5/2010,7,5,2010,E2,108,76.30253393,2.753194076,0,0,0,0,0.334035168,6.812230562,0,0,7.635860363,MKL,1,48 hr sample; 7/4-7/5; all values are averaged (rounded up)
7/5/2010,7,5,2010,E3,101,73.4732277,2.869256785,0,1.575864849,1.651181523,0,0,0,0,0,9.74895336,JPH,1,48 hr sample; 7/4-7/5; all values are averaged (rounded up)
7/5/2010,7,5,2010,E4,98,42.78919408,1.835462717,0,0,0,0,0,0,0,14.87332643,8.143203548,MKL,1,48 hr sample; 7/4-7/5; all values are averaged (rounded up)
7/5/2010,7,5,2010,E5,232,78.34349774,1.492521137,0.90504963,0,1.651181523,0,0,0,0,0,102.0500668,MKL,1,48 hr sample; 7/4-7/5; all values are averaged (rounded up)
4/2/2012,4,2,2012,E3,3,2.259895613,0,0,0,0,0,0,0,0,0,0,,0,
4/3/2012,4,3,2012,E1,1,0,0,0,0,0,0,0,0,0,0,0,,0,other is a PSO1_3
4/3/2012,4,3,2012,E3,3,1.763048185,0,0.050280535,0,0,0,0,0,0,0,0,,0,
4/4/2012,4,4,2012,E1,2,1.763048185,0,0,0,0,0,0,0,0,0,0,,0,
4/4/2012,4,4,2012,E2,2,1.763048185,0,0,0,0,0,0,0,0,0,0,,0,
4/4/2012,4,4,2012,E3,2,0,4.588934014,0,0,0,0,0,0,0,0,0,,0,
4/6/2012,4,6,2012,E2,0,0,0,0,0,0,0,0,0,0,0,0,,0,
4/10/2012,4,10,2012,E1,3,1.763048185,0,0,0,0,0,0,0,0,0,4.158732269,,0,
4/10/2012,4,10,2012,E2,4,1.178428807,0,0,0,0,0,0,0,0,0,21.42128736,,0,
4/12/2012,4,12,2012,E1,1,0.881524093,0,0,0,0,0,0,0,0,0,0,MKL,0,
4/12/2012,4,12,2012,E2,1,0.296904714,0,0,0,0,0,0,0,0,0,0,MKL,0,
4/12/2012,4,12,2012,E4,2,1.178428807,0,0,0,0,0,0,0,0,0,0,MKL,0,
4/13/2012,4,13,2012,E4,4,2.941476992,0,0,0,0,0,0,0,0,0,0,MKL,0,
4/13/2012,4,13,2012,E5,4,2.644572278,0,0,0,0,0,0,0,0,0,0.074642639,MKL,0,
4/13/2012,4,13,2012,E6,17,16.77018523,0,0,0,0,0,0,0,0,0,0,,0,
4/14/2012,4,14,2012,E1,38,43.69572597,4.395855035,0,0,0,0,0,0,0,0,0,,0,
4/14/2012,4,14,2012,E2,22,9.618183118,38.04978868,0,0,0,0,0,0,0,0,0,,0,
4/14/2012,4,14,2012,E3,5,4.407620464,0,0,0,0,0,0,0,0,0,0,,0,
4/14/2012,4,14,2012,E4,22,12.93543118,1.835462717,0,0,0,0,0,0,0,0,0,,0,
4/14/2012,4,14,2012,E5,12,8.439754311,0,0,0,0,0,0,0,0,0,0,,0,
4/14/2012,4,14,2012,E6,50,28.39446213,0.917731359,0,0,0,0,0,0,0,0,0,,0,
4/15/2012,4,15,2012,E1,23,16.75814781,14.55760687,0,0,0,0,0,0,0,0,0,,0,
4/15/2012,4,15,2012,E2,13,7.358287505,14.55760687,0,0,0,0,0,0,0,0,0,,0,
4/15/2012,4,15,2012,E3,12,7.942906884,0,0,0,0,0,0,0,0,0,0,,0,
4/15/2012,4,15,2012,E4,3,1.763048185,0,0,0,0,0,0,4.326413606,0,0,0,,0,
4/15/2012,4,15,2012,E5,5,3.238381706,0,0,0,0,0,0,0,0,0,0,,0,
4/15/2012,4,15,2012,E6,12,7.942906884,0.917731359,0,0,0,0,0,0,0,0,0,MKL,0,
4/16/2012,4,16,2012,E1,20,14.89813762,0,0,1.575864849,0,0,0,0,9.164398754,0,0,MKL,0,
4/16/2012,4,16,2012,E2,6,2.653762328,0,0,0,0,0,0,0,0,0,7.943282347,MKL,0,
4/16/2012,4,16,2012,E3,11,12.58367063,0,0,0,0,0,0,0,0,0,0,MKL,0,
4/16/2012,4,16,2012,E4,19,6.216618897,5.313586393,0,0,0,0,0,0,0,0,0,MKL,0,
4/16/2012,4,16,2012,E5,11,5.010619941,4.395855035,0,0,1.651181523,0,0,0,0,0,0,MKL,0,
4/16/2012,4,16,2012,E6,24,20.96895739,0,0,0,0,0,0,0,0,0,0,MKL,0,
4/18/2012,4,18,2012,E1,16,15.67350967,0,0,0,0,0,0,0,0,0,0,,0,
4/18/2012,4,18,2012,E2,7,6.170668649,0,0,0,0,0,0,0,0,0,0,,0,
4/18/2012,4,18,2012,E3,12,9.69676502,7.278803434,0,0,0,0,0,0,0,0,0,,0,
4/19/2012,4,19,2012,E1,103,105.6915844,5.313586393,0,0,0,0,0,0,0,0,0,,0,
4/19/2012,4,19,2012,E2,120,110.3115484,0.917731359,0,0,0,0,0,0,0,0,0.557152361,,0,
4/19/2012,4,19,2012,E3,62,64.57517249,6.690322042,0,0,0,0,0,0,0,0,0,,0,
4/20/2012,4,20,2012,E1,30,32.05289569,0,0,0,0,0,0,0,0,0,0,,0,
4/20/2012,4,20,2012,E2,46,34.92469637,35.16684028,0,1.575864849,6.519753707,0,0,0,0,0,0,,0,
4/20/2012,4,20,2012,E3,15,12.41703232,11.08617708,0,4.614884168,0,0,0,0,0,0,0,,0,
4/20/2012,4,20,2012,E4,10,2.672142427,4.395855035,0,0,0,0,0,0,0,0,0,,0,
4/20/2012,4,20,2012,E5,8,2.078332999,0.191596593,0,0,0,0,0,0,0,0,0,,0,
4/20/2012,4,20,2012,E6,16,2.078332999,0,0,0,0,0,0,0,0,0,5.014371245,,0,
4/21/2012,4,21,2012,E1,63,56.99008438,7.278803434,0,0,0,0,0,0,0,0,0,,0,
4/21/2012,4,21,2012,E2,48,45.78920341,0,0,0,0,0,0,0,0,0,12.47619681,,0,
4/21/2012,4,21,2012,E3,39,38.83546941,0,0,0,0,0,0,0,0,0,0,,0,
4/21/2012,4,21,2012,E4,12,2.375237713,0,0,0,0,0,0,0,0,0,2.228609442,,0,
4/21/2012,4,21,2012,E5,14,23.38887472,0,0,0,0,0,0,0,0,0,1.114304721,,0,
4/21/2012,4,21,2012,E6,9,7.933716834,0,0,0,0,0,0,0,0,0,0,,0,
4/22/2012,4,22,2012,E3,2,0.296904714,0.917731359,0,0,0,0,0,0,0,0,0,,0,
4/22/2012,4,22,2012,E4,2,1.666086184,0,0,0,0,0,0,0,0,0,0.557152361,,0,
4/25/2012,4,25,2012,E1,2,0.881524093,4.395855035,0,0,0,0,0,0,0,0,0,,0,
4/25/2012,4,25,2012,E2,2,2.547610277,0,0,0,0,0,0,0,0,0,0,,0,
4/25/2012,4,25,2012,E3,2,1.666086184,4.395855035,0,0,0,0,0,0,0,0,0,,0,
4/25/2012,4,25,2012,E4,1,0.881524093,0,0,0,0,0,0,0,0,0,0,,0,
4/25/2012,4,25,2012,E5,1,0.881524093,0,0,0,0,0,0,0,0,0,0,,0,
4/25/2012,4,25,2012,E6,2,0.881524093,0,0.050280535,0,0,0,0,0,0,0,0,,0,
4/26/2012,4,26,2012,E1,38,42.36441315,0,0,0,0,0,0,0,0,0,4.158732269,,0,
4/26/2012,4,26,2012,E2,53,53.98177845,0,0,0,0,0,0,0,0,0,0,,0,
4/26/2012,4,26,2012,E3,26,26.05787478,0,0,0,0,0,0,0,0,0,0,,0,
4/26/2012,4,26,2012,E6,5,3.526096371,0,0,0,0,0,0,0,0,0,0.557152361,,0,
4/28/2012,4,28,2012,E4,1,0.881524093,0,0,0,0,0,0,0,0,0,0,,0,
4/28/2012,4,28,2012,E5,1,0.881524093,0,0,0,0,0,0,0,0,0,0,,0,
4/29/2012,4,29,2012,E1,2,1.763048185,0,0,0,0,0,0,0,0,0,0,,0,
4/29/2012,4,29,2012,E2,2,3.332172369,0,0,0,0,0,0,0,0,0,0,,0,
4/29/2012,4,29,2012,E3,1,2.617286587,0,0,0,0,0,0,0,0,0,0,,0,
4/29/2012,4,29,2012,E4,1,0.881524093,0,0,0,0,0,0,0,0,0,0,,0,
4/30/2012,4,30,2012,E1,23,33.56427715,0,0,0,0,0,0,0,0,0,1.805671012,,0,
4/30/2012,4,30,2012,E2,43,52.52756857,0,0,0,0,0,0,0,0,0,0,,0,
4/30/2012,4,30,2012,E3,23,23.4133025,0,0,0,0,0,0,0,0,0,0,,0,
4/30/2012,4,30,2012,E4,2,0.296904714,0,0,0,0,0,0,0,0,0,0.557152361,,0,
4/30/2012,4,30,2012,E5,3,0.890714142,0,0,0,0,0,0,0,0,0,0,,0,
4/30/2012,4,30,2012,E6,17,14.23176501,0,0,0,0,0,0,0,0,0,0,,0,
5/1/2012,5,1,2012,E1,139,159.5002385,0,0,0,0,0,0,0,0,0,4.725646746,,0,
5/1/2012,5,1,2012,E2,125,160.4997444,0,0,0,0,0,0,0,0,0,0,,0,
5/1/2012,5,1,2012,E3,101,118.6475308,0,0,0,0,0,0,0,0,0,0.557152361,,0,
5/1/2012,5,1,2012,E4,19,15.89785119,0,0,0,0,0,0,4.326413606,0,0,0,,0,
5/1/2012,5,1,2012,E5,2,1.178428807,0,0,0,0,0,0,0,0,0,0,,0,
5/1/2012,5,1,2012,E6,9,5.001429892,0,0,0,0,0,0,0,0,0,1.114304721,,0,
5/5/2012,5,5,2012,E1,132,155.934893,0.917731359,0,0,0,0.516941132,0,0,0,0,0,,0,
5/5/2012,5,5,2012,E2,76,99.02677231,0,0,0,0,0,0,0,0,0,0,,0,
5/5/2012,5,5,2012,E3,82,118.0793371,2.294467007,0,0,0,0,0,0,0,0,4.158732269,,0,
5/5/2012,5,5,2012,E4,11,2.672142427,1.835462717,0,0,0,0,0,0,0,0,0,,0,
5/5/2012,5,5,2012,E5,1,0,0,0,0,0,0,0,0,0,0,0.557152361,,0,
5/5/2012,5,5,2012,E6,11,2.672142427,0,0,0,0,0,0,0,0,0,1.114304721,,0,
5/6/2012,5,6,2012,E1,71,91.71878887,4.395855035,0,0,0,0,0,0,0,0,1.114304721,,0,
5/6/2012,5,6,2012,E2,43,58.90259807,0,0,0,0,0,0,0,0,0,0.557152361,,0,
5/6/2012,5,6,2012,E3,90,122.4036759,0,0,0,0,0,0,0,0,0,0.557152361,,0,
5/6/2012,5,6,2012,E4,0,0,0,0,0,0,0,0,0,0,0,0,,0,
5/6/2012,5,6,2012,E5,2,2.617286587,0,0,0,0,0,0,0,0,0,0.557152361,,0,
5/6/2012,5,6,2012,E6,0,0,0,0,0,0,0,0,0,0,0,0,,0,
5/7/2012,5,7,2012,E1,78,92.39901962,0.917731359,0,1.575864849,0,0,0,0,0,0,0,,1,48 hr sample; 5/7-5/8; all values are averaged (rounded up)
5/7/2012,5,7,2012,E2,39,52.05501612,0,0,0,0,0,0,0,0,0,0,,1,48 hr sample; 5/7-5/8; all values are averaged (rounded up)
5/7/2012,5,7,2012,E3,32,34.92152503,0.917731359,0,0,0,0,0,0,0,0,0,,1,48 hr sample; 5/7-5/8; all values are averaged (rounded up)
5/7/2012,5,7,2012,E4,1,0,0,0,0,0,0,0,0,0,0,0.557152361,,1,combined sample for 5/7/12 and 5/8/12; daily totals are the average of the combined total
5/7/2012,5,7,2012,E5,9,1.484523571,0.917731359,0,0,0,0,0,0,0,0,1.671457082,,1,combined sample for 5/7/12 and 5/8/12; daily totals are the average of the combined total
5/7/2012,5,7,2012,E6,2,0,0.917731359,0,0,0,0,0,0,0,0,0.557152361,,1,combined sample for 5/7/12 and 5/8/12; daily totals are the average of the combined total
5/8/2012,5,8,2012,E1,78,92.39901962,0.917731359,0,1.575864849,0,0,0,0,0,0,0,,1,48 hr sample; 5/7-5/8; all values are averaged (rounded up)
5/8/2012,5,8,2012,E2,39,52.05501612,0,0,0,0,0,0,0,0,0,0,,1,48 hr sample; 5/7-5/8; all values are averaged (rounded up)
5/8/2012,5,8,2012,E3,32,34.92152503,0.917731359,0,0,0,0,0,0,0,0,0,,1,48 hr sample; 5/7-5/8; all values are averaged (rounded up)
5/8/2012,5,8,2012,E4,1,0,0,0,0,0,0,0,0,0,0,0.557152361,,1,combined sample for 5/7/12 and 5/8/12; daily totals are the average of the combined total
5/8/2012,5,8,2012,E5,8,1.484523571,0.917731359,0,0,0,0,0,0,0,0,1.114304721,,1,combined sample for 5/7/12 and 5/8/12; daily totals are the average of the combined total
5/8/2012,5,8,2012,E6,2,0,0.917731359,0,0,0,0,0,0,0,0,0.557152361,,1,combined sample for 5/7/12 and 5/8/12; daily totals are the average of the combined total
5/9/2012,5,9,2012,E1,200,225.3904218,0,0,0,0,0,0,0,0,0,2.785761803,,0,
5/9/2012,5,9,2012,E2,198,231.6155185,0,0,1.575864849,0,0,0,0,0,0,1.114304721,,0,
5/9/2012,5,9,2012,E3,229,218.1299914,1.109327951,0,9.891188008,4.868572184,0,0,0,0,0,2.228609442,,0,
5/9/2012,5,9,2012,E4,2,0,0.917731359,0,0,0,0,0,0,0,0,0.557152361,,0,
5/9/2012,5,9,2012,E5,2,0,1.835462717,0,0,0,0,0,0,0,0,0,,0,
5/9/2012,5,9,2012,E6,0,0,0,0,0,0,0,0,0,0,0,0,,0,
5/10/2012,5,10,2012,E1,40,65.06878204,0,0,0,0,0,0,0,0,0,0,,0,
5/10/2012,5,10,2012,E2,42,60.00401851,0,0,0,0,0,0,0,0,0,0,,0,
5/10/2012,5,10,2012,E3,30,33.61913299,0,0,0,0,0,0,0,0,0,0,,0,
5/10/2012,5,10,2012,E4,0,0,0,0,0,0,0,0,0,0,0,0,,0,
5/10/2012,5,10,2012,E5,16,19.41158617,0,0,0,0,0,0,0,0,0,0,,0,
5/10/2012,5,10,2012,E6,8,9.60582173,0,0,0,0,0,0,0,0,0,0,,0,
5/11/2012,5,11,2012,E1,124,179.105952,0,0,0,0,0,0,0,0,0,0,,0,
5/11/2012,5,11,2012,E2,69,92.83812433,0,0,0,0,0,0,0,0,0,0,,0,
5/11/2012,5,11,2012,E3,99,113.1768236,0,0,0,0,0,0,0,0,0,0.557152361,,0,
5/11/2012,5,11,2012,E4,17,11.1873073,0,0,0,0,0,0,0,0,0,16.44371705,,0,
5/11/2012,5,11,2012,E5,22,15.98879448,0,0,0,0,0,0,0,0,0,7.943282347,,0,
5/11/2012,5,11,2012,E6,84,94.97073178,0.917731359,0,0,0,0,0,0,0,0,0.557152361,,0,
5/12/2012,5,12,2012,E1,208,256.6991996,0.191596593,0,0,1.651181523,0,0,0,0,0,0.557152361,,0,
5/12/2012,5,12,2012,E2,167,224.7579825,4.129929724,0,0,0,0,0,0,0,0,1.114304721,,0,
5/12/2012,5,12,2012,E3,147,184.0258363,6.424119511,0,0,0,0,0,0,0,0,0,,0,
5/12/2012,5,12,2012,E4,114,106.7797426,0,0,0,0,0,0,0,0,0,7.943282347,,0,
5/12/2012,5,12,2012,E5,96,76.59024859,0,0,1.575864849,0,0,0,0,0,0,0,,0,
5/12/2012,5,12,2012,E6,96,86.69259378,0,0,0,0,0,0,0,0,0,1.114304721,,0,
5/13/2012,5,13,2012,E1,176,176.4933526,0,0,0,0,0.516941132,0,0,0,0,0,,0,
5/13/2012,5,13,2012,E2,158,251.1270114,0.917731359,0,0,0,0,0,0,0,0,1.671457082,,0,
5/13/2012,5,13,2012,E3,160,196.3870582,0.917731359,0,0,0,0,0,0,0,0,0,,0,
5/13/2012,5,13,2012,E4,300,260.4998515,0,0,0,0,0,0,0,0,0,8.500434708,,0,
5/13/2012,5,13,2012,E5,217,197.7196217,0,0,0,0,0,0,0,0,0,23.82984704,,0,
5/13/2012,5,13,2012,E6,153,164.1900075,0,0,0,0,0,2.231589866,0,0,0,1.671457082,,0,
5/14/2012,5,14,2012,E1,244,282.9527373,1.835462717,0,0,0,0,0,0,0,0,8.750165084,,0,
5/14/2012,5,14,2012,E2,245,339.4880861,5.506388152,0,0,0,0,0,0,0,0,2.228609442,,0,
5/14/2012,5,14,2012,E3,135,152.206655,0.917731359,0,0,0,0,0,0,0,0,8.874616899,,0,
5/14/2012,5,14,2012,E4,278,279.5489214,2.753194076,0,0,0,0,0,0,0,0,31.77312939,,0,
5/14/2012,5,14,2012,E5,293,367.1533783,0.917731359,0,0,0,0,0,0,0,0,15.88656469,,0,
5/14/2012,5,14,2012,E6,190,201.5685878,0.917731359,0,1.575864849,0,0,0,0,0,0,0,,0,
5/15/2012,5,15,2012,E1,274,319.5487298,0,0,0,0,0,0,0,0,0,0.557152361,,0,
5/15/2012,5,15,2012,E2,255,400.6676173,1.835462717,0.050280535,0,0,0,0,0,0,0,1.114304721,,0,
5/15/2012,5,15,2012,E3,185,272.4197979,0,0,0,9.164398754,0,0,0,0,0,0.557152361,,0,
5/15/2012,5,15,2012,E4,342,269.0796853,0.917731359,0,0,0,0,0,8.652827211,0,0,0,,0,
5/15/2012,5,15,2012,E5,348,315.958559,0.917731359,0,0,0,0,0,0,0,0,4.158732269,,0,
5/15/2012,5,15,2012,E6,243,197.4645828,1.835462717,0,0,1.651181523,0,0,0,0,0,4.158732269,,0,
5/16/2012,5,16,2012,E1,258,287.9053622,7.278803434,0,0,0,0,0,0,0,0,2.228609442,,0,
5/16/2012,5,16,2012,E2,283,434.3356371,4.395855035,0,3.151729698,0,1.033882265,0.334035168,0,0,0,5.830189351,,0,
5/16/2012,5,16,2012,E3,154,229.2376221,0,0,0,0,0,0,0,0,0,1.671457082,,0,
5/16/2012,5,16,2012,E4,445,274.2006248,0,0,0,0,0.516941132,0,0,0,0,0,,0,
5/16/2012,5,16,2012,E5,327,258.7216239,0,0,3.151729698,3.302363047,0.516941132,0,0,0,0,0.557152361,,0,
5/16/2012,5,16,2012,E6,263,187.7404203,1.835462717,0,0,0,0,0,0,0,0,17.00086942,,0,
5/17/2012,5,17,2012,E1,64,138.0013304,0.917731359,0,0,0,0,0,0,0,0,0,,0,
5/17/2012,5,17,2012,E2,27,51.94595015,0,0,0,0,0,0,4.326413606,0,0,7.943282347,,0,
5/17/2012,5,17,2012,E3,28,57.6954664,0,0,0,0,0,0,0,0,0,0,,0,
5/17/2012,5,17,2012,E4,18,11.19047864,0,0,0,0,0,0,0,0,0,0,,0,
5/17/2012,5,17,2012,E5,45,26.70999584,0,0,0,0,0,0,0,0,0,7.943282347,,0,
5/17/2012,5,17,2012,E6,86,53.03983699,0,0,0,0,0,0,0,0,0,4.158732269,,0,
5/18/2012,5,18,2012,E1,265,437.3540806,0.917731359,0,0,0,0,0,4.326413606,0,0,1.671457082,,0,
5/18/2012,5,18,2012,E2,229,454.6945057,0,0,0,0,0.516941132,0,0,0,0,0.557152361,,0,
5/18/2012,5,18,2012,E3,192,338.4421853,3.670925435,0,0,0,0,0,4.326413606,0,0,0.557152361,,0,
5/18/2012,5,18,2012,E4,278,139.4535517,0,0,0,0,0,0,0,4.868572184,0,4.158732269,,0,
5/18/2012,5,18,2012,E5,312,201.3642852,0,0,1.575864849,0,0,0,0,0,0,4.158732269,,0,
5/18/2012,5,18,2012,E6,225,110.1683754,0,0,0,0,0,0,0,0,0,4.158732269,,0,
5/19/2012,5,19,2012,E1,789,744.9191214,0.917731359,0,0,0,0,0,0,0,0,0.557152361,,0,
5/19/2012,5,19,2012,E2,720,1146.929732,12.78519159,0,0,0,0,0,0,0,0,3.900066524,,0,
5/19/2012,5,19,2012,E3,653,906.9579704,1.835462717,0,4.614884168,0,0,0,0,0,0,2.785761803,,0,
5/19/2012,5,19,2012,E4,292,142.5591684,0,0,0,0,0,0,0,0,0,12.10201462,,0,
5/19/2012,5,19,2012,E5,597,452.0545428,0,0,0,0,0,0,0,0,0,1.114304721,,0,
5/19/2012,5,19,2012,E6,299,345.1753271,0.917731359,0,0,0,0,0,0,0,0,7.943282347,,0,
5/20/2012,5,20,2012,E1,2609,1444.146083,0.917731359,0,1.575864849,9.164398754,0,0,1.212619783,0,0,11.9775628,,0,
5/20/2012,5,20,2012,E2,1249,1265.081148,0.917731359,0,4.614884168,0,0,0,0,0,0,1.114304721,,0,
5/20/2012,5,20,2012,E3,1038,1097.638475,1.835462717,0,0,0,0,0,0,0,0,10.17189179,,0,
5/20/2012,5,20,2012,E4,523,243.9946893,3.212198366,0,3.151729698,4.868572184,0,0,0,0,0,8.193012724,,0,
5/20/2012,5,20,2012,E5,715,581.0900479,0.917731359,0,0,0,0,0,0,0,0,52.90924285,,0,
5/20/2012,5,20,2012,E6,335,182.7039337,0.917731359,0,0,0,0,0,0,0,0,0.557152361,,0,
5/21/2012,5,21,2012,E1,1008,986.0789665,0,0,0,0,0,0,0,0,0,9.057587068,,0,
5/21/2012,5,21,2012,E2,646,900.8086412,4.129929724,0,0,0,0,0,0,0,0,1.671457082,,0,
5/21/2012,5,21,2012,E4,158,90.76213576,0,0,0,0,0,0,0,0,0,37.39271572,,0,
5/21/2012,5,21,2012,E5,557,464.8793847,4.395855035,0,0,0,0.516941132,0,0,0,0,29.76661747,,0,
5/21/2012,5,21,2012,E6,131,81.80379875,2.753194076,0,0,0,0,0,0,0,0,0,,0,
5/22/2012,5,22,2012,E1,336,467.2682063,0,0,0,0,0.516941132,0,0,0,0,1.114304721,,0,
5/22/2012,5,22,2012,E2,311,535.6908268,3.670925435,0,0,0,0,2.231589866,0,0,0,10.17189179,,0,
5/22/2012,5,22,2012,E3,210,323.911937,3.212198366,0,0,4.868572184,0,0,0,0,0,4.158732269,,0,
5/22/2012,5,22,2012,E4,272,164.3966558,0,0,0,0,0,0,4.326413606,0,0,39.80429533,,0,
5/22/2012,5,22,2012,E5,615,524.201824,0,0,0,0,0,0,0,0,0,23.62900613,,0,
5/22/2012,5,22,2012,E6,111,73.82834022,0,0,0,0,0,0,0,0,0,7.635860363,,0,
5/23/2012,5,23,2012,E1,568,540.917449,4.321526317,0,0,1.651181523,0,0,0,0,0,15.99314577,,0,
5/23/2012,5,23,2012,E2,429,587.1373162,0,0,0,0,0,0,0,0,0,34.06849904,,0,
5/23/2012,5,23,2012,E3,386,455.973868,0.917731359,0,1.575864849,0,0,0,0,0,0,14.33062406,,0,
5/23/2012,5,23,2012,E4,177,89.6847975,0.917731359,0,0,0,0,0.334035168,0,0,0,14.6201753,,0,
5/23/2012,5,23,2012,E5,473,364.3590003,0,0,0,14.60571655,0,0,0,0,0,42.17688082,,0,
5/23/2012,5,23,2012,E6,135,89.38586164,0,0,0,0,0.516941132,0,0,0,0,5.830189351,,0,
5/24/2012,5,24,2012,E1,365,523.0427879,0,0,0,0,0,0,0,0,0,10.8445606,,0,
5/24/2012,5,24,2012,E2,353,663.9830307,11.90803288,0,0,0,0,0,0,0,0,9.614739429,,0,
5/24/2012,5,24,2012,E3,283,544.8873631,0.917731359,0,0,9.164398754,0,0,0,0,0,8.500434708,,0,
5/24/2012,5,24,2012,E4,165,72.9402285,0,0,0,0,0,0,0,0,0,54.41553526,,0,
5/24/2012,5,24,2012,E5,301,248.4568068,4.395855035,0,0,0,0,0,0,0,0,32.41816534,,0,
5/24/2012,5,24,2012,E6,143,96.93761084,0.191596593,0.50562644,0,0,0,0,0,0,0,9.614739429,,0,
5/25/2012,5,25,2012,E1,313,487.2173983,2.294467007,0,0,0,0,0,0,0,0,40.38908054,,0,
5/25/2012,5,25,2012,E2,277,476.408709,0.917731359,0,0,0,0,0,8.652827211,0,0,27.36397323,,0,
5/25/2012,5,25,2012,E3,289,534.5789374,2.294467007,0,0,0,0.516941132,0,0,0,0,8.500434708,,0,
5/25/2012,5,25,2012,E4,72,29.11786521,0,0,0,0,0,0,0,0,0,40.17847752,,0,
5/25/2012,5,25,2012,E5,96,72.53688727,0,0,0,0,0,0,0,0,0,10.72904415,,0,
5/25/2012,5,25,2012,E6,39,32.95742568,2.294467007,0,0,0,0,0,0,0,0,0.557152361,,0,
5/26/2012,5,26,2012,E1,368,550.4866857,3.403794958,0,0,0,0,0,0,0,0,5.27303699,,0,
5/26/2012,5,26,2012,E2,469,651.3809612,0.191596593,0,17.86734369,0,0.516941132,0,0,0,0,25.31833395,,0,
5/26/2012,5,26,2012,E3,482,502.297463,0,0,0,4.868572184,0,0,0,0,0,12.65916698,,0,
5/26/2012,5,26,2012,E4,317,135.1365263,0,0.050280535,3.151729698,0,0,0,0,0,0,80.93423219,,0,
5/26/2012,5,26,2012,E5,352,250.7064383,0.917731359,0,0,0,0,6.778044728,0,0,0,32.98507982,,0,
5/26/2012,5,26,2012,E6,134,69.03386846,4.129929724,0,3.151729698,4.868572184,0,0,0,0,0,8.615951153,,0,
5/27/2012,5,27,2012,E1,325,360.3507499,0.917731359,0,0,4.868572184,0,0,0,0,0,0.557152361,,0,
5/27/2012,5,27,2012,E2,225,346.018115,0,0,0,0,0,0,0,0,0,0.557152361,,0,
5/27/2012,5,27,2012,E3,318,412.8220505,0.917731359,0,0,4.868572184,0,0,0,0,0,4.71588463,,0,
5/27/2012,5,27,2012,E4,120,71.8930233,2.294467007,0,1.575864849,0,0,0,0,0,0,5.27303699,,0,
5/27/2012,5,27,2012,E5,252,191.4469195,2.753194076,0.050280535,0,1.651181523,0,0,0,0,0,0.557152361,,0,
5/27/2012,5,27,2012,E6,79,45.08802451,0.917731359,0,0,0,0,0,0,0,0,1.114304721,,0,
5/28/2012,5,28,2012,E1,535,524.5479484,10.94972887,0,1.575864849,0,0.516941132,0,4.326413606,0,0,6.944494072,,0,
5/28/2012,5,28,2012,E2,440,530.4118428,0,0,11.53318777,10.81558028,0,0,0,14.60571655,0,10.06356426,,0,
5/28/2012,5,28,2012,E3,529,697.8482378,5.965392442,0,1.82693176,11.38832589,0.516941132,2.231589866,0,4.868572184,0,6.128759908,,0,
5/28/2012,5,28,2012,E4,246,106.0297413,3.670925435,0,0,0,0,0,0,0,0,119.8417736,,0,
5/28/2012,5,28,2012,E5,299,220.0910549,0.917731359,0,0,0,0,0,0,0,0,48.74567243,,0,
5/28/2012,5,28,2012,E6,108,61.2762273,16.06099183,0,0,4.868572184,0,0,0,0,0,27.140956,,0,
5/29/2012,5,29,2012,E1,283,393.7281664,0.191596593,0,0,0,0,0,0,0,0,47.29270081,,0,
5/29/2012,5,29,2012,E2,330,494.068384,2.753194076,0.50562644,2.077998672,0,0,0,0,0,0,45.54660109,,0,
5/29/2012,5,29,2012,E3,302,432.5174136,5.313586393,0,5.117017991,0,0,0,0,4.868572184,0,9.838667347,,0,
5/29/2012,5,29,2012,E4,432,131.5847499,1.109327951,0,0,0,0,0,0,0,0,349.3278527,,0,
5/29/2012,5,29,2012,E5,248,143.4108597,28.44994934,0,0,0,0,0,0,0,0,41.30254436,,0,
5/29/2012,5,29,2012,E6,138,73.69938216,0.191596593,0,0,0,0,0,0,0,0,65.58232351,,0,
5/30/2012,5,30,2012,E1,127,207.6264189,0.917731359,0,0,0,0,0,0,0,0,29.17752667,,0,
5/30/2012,5,30,2012,E2,104,162.9038218,0,0,0,0,0,0,0,0,0,16.59300233,,0,
5/30/2012,5,30,2012,E3,87,113.2220846,2.294467007,0,0.251066911,0,0,0,0,0,0,2.228609442,,0,
5/30/2012,5,30,2012,E4,245,74.94286647,0.917731359,0,0,0,0,0,0,0,0,287.6971958,,0,
5/30/2012,5,30,2012,E5,227,109.4591601,26.61531828,0,0,0,0,0,0,0,0,89.51717702,,0,
5/30/2012,5,30,2012,E6,125,43.12118439,5.965392442,0,1.575864849,1.651181523,0,6.778044728,0.441832252,0,0,43.73052879,,0,
5/31/2012,5,31,2012,E1,198,251.702935,3.670925435,0,0,0,0,0,0,14.35517221,0,30.59137094,,0,
5/31/2012,5,31,2012,E3,224,276.6097705,0.917731359,0,0,0,0,0,0,0,0,33.81876866,,0,
5/31/2012,5,31,2012,E4,76,12.98109697,0,0,0,0,0,0,0,0,0,124.4276611,,0,
5/31/2012,5,31,2012,E5,117,46.70652536,0,0,1.575864849,0,0,0,0,0,0,131.4590788,,0,
5/31/2012,5,31,2012,E6,77,26.06517466,0,0,0,0,0,0,0,0,0,61.73842833,,0,
6/1/2012,6,1,2012,E1,158,213.9427726,0,0,0,0,0,0,0,0,0,1.671457082,,0,
6/1/2012,6,1,2012,E2,149,219.5344128,0.917731359,0,0,1.651181523,0,0,0,0,0,8.500434708,,0,
6/1/2012,6,1,2012,E3,78,133.6030433,0,0,0,0,0,0,0,0,0,33.44458647,,0,
6/1/2012,6,1,2012,E4,22,3.832191135,0,0,0,0,0,0,0,0,0,42.16399929,,0,
6/1/2012,6,1,2012,E5,49,19.03642352,0,0,0,1.651181523,0,0,0,0,0,63.36259509,,0,
6/1/2012,6,1,2012,E6,45,17.81617301,0,0,0,0,0,0.334035168,0,0,0,12.74357173,,0,
6/2/2012,6,2,2012,E1,151,161.4187534,0.917731359,0,0,1.651181523,0,0,0,0,0,0.557152361,,0,
6/2/2012,6,2,2012,E2,121,148.2772175,0,0,0,0,0,0,0,0,0,8.500434708,,0,
6/2/2012,6,2,2012,E3,90,113.3251586,0,0,0,0,0,0,0,0,0,8.500434708,,0,
6/2/2012,6,2,2012,E4,56,18.45180414,0,0,0,0,0,0,0,0,0,37.53669176,,0,
6/2/2012,6,2,2012,E5,66,27.76268021,0.917731359,0,0,0,0,0,0,0,0,48.97427943,,0,
6/2/2012,6,2,2012,E6,69,26.10043812,0,0,0,0,0,0,0,0,0,19.71840509,,0,
6/3/2012,6,3,2012,E1,84,105.1159847,0,0,0,0,0,0,0,0,0,1.671457082,,0,
6/3/2012,6,3,2012,E2,89,119.6866567,0,0,0,0,0,0,0,0,0,9.74895336,,0,
6/3/2012,6,3,2012,E3,30,46.94761481,0,0,0,0,0,0,0,0,0,4.71588463,,0,
6/3/2012,6,3,2012,E4,28,7.961286983,0,0,0,0,0,0,0,0,0,33.84653475,,0,
6/3/2012,6,3,2012,E5,39,18.32727199,2.02705931,0,43.58121019,0,0,0,0,0,0,34.25971106,,0,
6/3/2012,6,3,2012,E6,70,24.27868487,0,0,0,0,0,0,0,0,0,13.18708733,,0,
6/4/2012,6,4,2012,E1,68,64.54804068,0,0,0,0,0,0,0,0,0,4.71588463,,0,
6/4/2012,6,4,2012,E2,55,55.59646459,0.917731359,0,0,0,0,0,0,0,0,0,,0,
6/4/2012,6,4,2012,E3,38,37.07843993,0,0,0,0,0,0,0,0,0,16.44371705,,0,
6/4/2012,6,4,2012,E4,36,9.85488603,0,0,0,3.302363047,0,0,0,0,0,26.08622257,,0,
6/4/2012,6,4,2012,E5,42,15.33795459,0,0,0,0,0,0,0,0,0,31.33973533,,0,
6/4/2012,6,4,2012,E6,63,23.93433317,0,0,0,0,0,0,0,0,0,30.37916877,,0,
6/5/2012,6,5,2012,E1,57,53.73072015,0,0,0,0,0,0,0,0,0,0,,0,
6/5/2012,6,5,2012,E2,32,43.27931844,0,0,0,0,0,0,0,0,0,0,,0,
6/5/2012,6,5,2012,E3,23,21.79879698,0,0,0,0,0,0,4.326413606,0,0,0.557152361,,0,
6/5/2012,6,5,2012,E4,39,18.19165963,0,0,0,0,0,0,0,0,0,2.228609442,,0,
6/5/2012,6,5,2012,E5,60,27.14981281,0,0,0,0,0,0,0,0,0,2.228609442,,0,
6/5/2012,6,5,2012,E6,175,62.97514987,11.90803288,0,0,0,0,0,0,0,0,0.557152361,,0,
6/6/2012,6,6,2012,E1,93,98.87293566,0,0,0,0,0,2.231589866,0,0,0,0,,0,
6/6/2012,6,6,2012,E2,92,101.9656221,0,0,0,0,0,0,0,0,0,4.158732269,,0,
6/6/2012,6,6,2012,E3,74,74.23574623,0.917731359,0,0,0,0,0,0,0,0,8.500434708,,0,
6/6/2012,6,6,2012,E4,94,32.11861104,0.917731359,0,0,0,0,0,0,0,0,43.46127418,,0,
6/6/2012,6,6,2012,E6,175,60.21110695,0,0,0,0,0,0,0,0,0,67.23271155,,0,
6/7/2012,6,7,2012,E1,99,82.08803379,5.506665373,0,0,0,0,0,0,0,0,44.43229637,,0,
6/7/2012,6,7,2012,E2,72,67.02008652,0,0,0,0,0,0,0,0,0,32.14731158,,0,
6/7/2012,6,7,2012,E5,172,69.6272896,1.835462717,0,0,0,0,0,0,0,0,92.28158925,,0,
6/7/2012,6,7,2012,E6,211,83.97392329,5.506665373,0,0,4.868572184,0,0,0,0,95.97956956,42.49099985,,0,
6/8/2012,6,8,2012,E2,188,182.1602002,2.294467007,0,1.575864849,4.868572184,0,0,0,0,0,4.158732269,,0,
6/8/2012,6,8,2012,E3,125,112.0113003,0,0,0,0,0,0,0,0,0,48.59102864,,0,
6/8/2012,6,8,2012,E4,156,54.28409288,3.212198366,0,0,0,0,0,0,0,0,109.4739512,,0,
6/8/2012,6,8,2012,E5,223,87.52560415,0.917731359,0,0,1.651181523,0,0,0,0,0,135.71463,,0,
6/8/2012,6,8,2012,E6,135,58.36313932,0.917731359,0,1.575864849,1.651181523,0,0,0,0,0,62.5932949,,0,
6/9/2012,6,9,2012,E1,171,148.0296837,7.6080534,0,0,0,0,6.778044728,0,4.868572184,0,0,,0,
6/9/2012,6,9,2012,E2,85,89.85151318,0.917731359,0,0,0,2.672281342,0,0,9.164398754,0,8.874616899,,0,
6/9/2012,6,9,2012,E3,52,56.39296027,2.294467007,0.50562644,0,1.651181523,0,0,0,0,0,13.21631934,,0,
6/9/2012,6,9,2012,E4,156,51.19685627,1.835462717,0,1.575864849,0,0,0,0,0,0,120.2989876,,0,
6/9/2012,6,9,2012,E5,184,57.79444609,0,0,0,0,0,0,0,0,0,188.3513004,,0,
6/9/2012,6,9,2012,E6,158,62.03588542,0,0,1.575864849,0,0,0,0,0,0,37.62214946,,0,
6/10/2012,6,10,2012,E3,134,117.4278639,2.294467007,0,0,0,0,0,0,0,0,12.65916698,,0,
6/10/2012,6,10,2012,E4,152,47.00755862,16.06043739,0,0,0,0,0,0,0,0,98.21698672,,0,
6/10/2012,6,10,2012,E5,207,84.28267386,1.835462717,0,0,0,0,6.778044728,0,0,0,133.0572662,,0,
6/10/2012,6,10,2012,E6,151,63.3769306,1.835462717,0,1.575864849,0,0,0,0,0,0,70.21939315,,0,
6/11/2012,6,11,2012,E1,149,225.2841096,1.835462717,0,0,0,0,0,0,0,0,0,,0,
6/11/2012,6,11,2012,E2,90,99.41484045,1.835462717,0.050280535,0,0,0,0,0,0,0,8.317464539,,0,
6/11/2012,6,11,2012,E3,31,32.95853414,0.917731359,0,0,0,0,6.778044728,0,0,0,0,,0,
6/11/2012,6,11,2012,E4,70,30.64516769,8.718586518,0,0,0,0,7.112079896,0,0,0,14.16717812,,0,
6/11/2012,6,11,2012,E5,97,49.90910407,0,0,0,0,0,0,0,0,0,13.00306423,,0,
6/11/2012,6,11,2012,E6,128,47.61468664,0.917731359,0,0,4.868572184,2.067764529,0,0,0,0,2.303252081,,0,
6/12/2012,6,12,2012,E1,77,80.68187199,0,0,0,0,0,0,0,0,0,7.943282347,,0,
6/12/2012,6,12,2012,E3,42,50.74058666,0,0,0,0,0,0,0,0,0,0,,0,
6/12/2012,6,12,2012,E4,35,7.395047704,2.02705931,0,0,0,0,0,0,0,0,8.008989617,,0,
6/12/2012,6,12,2012,E5,57,12.42404774,2.753194076,0,0,0,0,0,0,0,0,9.163283093,,0,
6/12/2012,6,12,2012,E6,68,26.45013578,0.917731359,0,0,0,0,0,0,0,0,20.27555745,,0,
6/13/2012,6,13,2012,E1,103,176.2535706,0,0,0,0,0,0,0,0,0,12.10201462,,0,
6/13/2012,6,13,2012,E2,59,71.73644145,0,0,0,0,0,0,0,0,0,0,,0,
6/13/2012,6,13,2012,E3,33,37.48741158,0,0,0,0,0,0,0,0,0,7.943282347,,0,
6/13/2012,6,13,2012,E4,58,19.33332824,2.753194076,0,0,0,0,0,0,0,0,32.87075459,,0,
6/13/2012,6,13,2012,E5,59,12.03018103,0,0,0,0,0,0,0,0,0,47.61107108,,0,
6/13/2012,6,13,2012,E6,55,22.06061096,0,0,0,0,0,0,0,0,0,7.77983641,,0,
6/14/2012,6,14,2012,E1,208,292.5218039,0.917731359,0,6.190749017,0,0.516941132,0,0,0,0,2.362823373,,0,
6/14/2012,6,14,2012,E2,115,154.1750687,0,0.50562644,0,0,0,0,0,0,0,5.964403282,,0,
6/14/2012,6,14,2012,E3,94,115.5126073,0.917731359,0,0,0,0.516941132,0,0,0,0,0,,0,
6/14/2012,6,14,2012,E4,138,52.55684769,42.40723909,0,0,0,0,0,0,0,0,0,,0,
6/14/2012,6,14,2012,E5,253,86.36309636,2.753194076,0,0,0,0.516941132,0,0,0,0,57.85366923,,0,
6/14/2012,6,14,2012,E6,170,66.77564231,1.835462717,0,9.229768336,0,0,0,0,0,0,29.46061626,,0,
6/15/2012,6,15,2012,E1,49,50.94333946,0.917731359,0,0,0,0,0,0,0,0,0,,0,
6/15/2012,6,15,2012,E2,32,42.04624146,0,0,0,0,0,0,0,0,0,0,,0,
6/15/2012,6,15,2012,E3,75,70.62486862,1.835462717,0,0,0,0,0,0,0,0,0,,0,
6/15/2012,6,15,2012,E4,46,7.08895294,22.02555261,0,0,0,0,0,4.326413606,0,0,2.785761803,,0,
6/15/2012,6,15,2012,E5,69,24.70518324,0.917731359,0,0,0,0,0,0,0,0,19.30600118,,0,
6/15/2012,6,15,2012,E6,76,24.87566564,0.917731359,0,0,0,1.033882265,2.565625034,0,0,0,0.557152361,,0,
6/16/2012,6,16,2012,E1,309,501.3051403,5.047661083,0,0,0,0,2.231589866,0,0,0,9.43176926,,0,
6/16/2012,6,16,2012,E2,190,319.8487128,1.835462717,0,0,0,0,0,0,0,0,1.114304721,,0,
6/16/2012,6,16,2012,E3,197,243.2966285,13.43579247,0,0,0,0.516941132,0,0,0,0,17.93220397,,0,
6/16/2012,6,16,2012,E4,157,35.74038824,17.43689582,0,0,0,0.516941132,0.668070336,0,0,0,111.4339066,,0,
6/16/2012,6,16,2012,E5,259,90.29371186,2.753194076,0,0,0,0,0,0,0,0,129.2226807,,0,
6/16/2012,6,16,2012,E6,137,64.57441739,3.670925435,0,0,0,0,6.778044728,0,0,0,23.52416249,,0,
6/17/2012,6,17,2012,E1,221,346.765375,0.917731359,0,0,0,0,0,0,0,0,4.158732269,,0,
6/17/2012,6,17,2012,E2,189,261.6310621,0.917731359,0,0,0,0,0,0.441832252,4.868572184,0,4.158732269,,0,
6/17/2012,6,17,2012,E3,141,166.3925466,0.917731359,0,4.614884168,0,0,0.334035168,0,0,0,26.56685261,,0,
6/17/2012,6,17,2012,E4,133,30.65435774,3.212198366,0,0,0,0,0.334035168,0,0,0,113.7915047,,0,
6/17/2012,6,17,2012,E5,132,36.54048306,18.78294192,0,0,0,0,0,0,0,0,94.62494273,,0,
6/17/2012,6,17,2012,E6,102,48.01892132,0,0,0,0,0,0,0,0,0,28.84623626,,0,
6/18/2012,6,18,2012,E1,190,336.863678,0,0,0,0,0,0,0,0,0,0,,0,
6/18/2012,6,18,2012,E2,190,321.6751217,0,0,0,0,0,0,0,0,0,0,,0,
6/18/2012,6,18,2012,E3,100,138.7119656,0,0,0,0,0,0,0,0,0,9.057587068,,0,
6/18/2012,6,18,2012,E4,11,5.498277319,0,0,0,0,0,0,0,0,0,5.27303699,,0,
6/18/2012,6,18,2012,E5,41,8.745849075,0,0,0,1.651181523,0,0,0,0,0,17.67436497,,0,
6/18/2012,6,18,2012,E6,22,10.2028025,0.917731359,0,0,1.651181523,0,0,0,0,0,4.591432815,,0,
6/19/2012,6,19,2012,E1,204,313.9841535,0.917731359,0,0,4.868572184,0,0,2.425239566,0,0,0.557152361,,0,
6/19/2012,6,19,2012,E2,430,730.3595053,0,0,9.891188008,0,0,0,0,0,0,0,,0,
6/19/2012,6,19,2012,E3,159,251.4663462,0,0,0,0,0,0,1.212619783,0,0,0,,0,
6/19/2012,6,19,2012,E4,75,14.15952578,20.64909418,0.050280535,0,0,0,0,1.212619783,0,0,21.61901538,,0,
6/19/2012,6,19,2012,E5,142,26.71918589,73.4185087,0,0,0,0,0,0,0,0,29.41937462,,0,
6/19/2012,6,19,2012,E6,186,60.59496475,43.13337386,0,0,0,0,0,0,0,0,21.95677665,,0,
6/20/2012,6,20,2012,E1,206,319.6338729,11.40873316,0,0,0,0,0,0,0,0,0.557152361,,0,
6/20/2012,6,20,2012,E2,350,467.0686217,0,0,0,0,0,0,0,0,0,8.874616899,,0,
6/20/2012,6,20,2012,E3,162,191.1750306,1.835462717,0,28.96611785,0,0,0,0,0,0,12.11177673,,0,
6/20/2012,6,20,2012,E4,199,65.71822611,9.636595097,0,0,0,0,0,0,0,0,147.7231327,,0,
6/20/2012,6,20,2012,E5,361,146.4493229,13.95756697,0,0,0,0,0,8.652827211,0,0,80.92552301,,0,
6/20/2012,6,20,2012,E6,305,109.8297901,4.588656794,0,0,0,0,0.334035168,0,0,0,121.7973208,,0,
6/21/2012,6,21,2012,E1,186,246.3860272,10.68259839,0,0,0,1.550823397,0,0,0,0,7.943282347,,0,
6/21/2012,6,21,2012,E2,221,301.3372553,0,0,9.229768336,0,0,0,0,0,0,0,,0,
6/21/2012,6,21,2012,E3,155,194.9085553,1.835462717,0,0,0,0.516941132,0,0,0,0,1.114304721,,0,
6/21/2012,6,21,2012,E4,69,38.13016197,8.718586518,0,0,0,0,0,0,0,0,13.55045447,,0,
6/21/2012,6,21,2012,E5,143,76.90681458,6.424119511,0,0,0,0,0,4.326413606,0,0,4.591432815,,0,
6/21/2012,6,21,2012,E6,127,71.94182092,0.191596593,0,0,0,0,6.778044728,0,0,0,10.14265978,,0,
6/22/2012,6,22,2012,E1,295,434.211405,4.588934014,0,0,0,0,0,0,0,0,1.114304721,,0,
6/22/2012,6,22,2012,E2,301,405.9352419,0,0,0,1.651181523,0.516941132,0,0,0,0,7.078708003,,0,
6/22/2012,6,22,2012,E3,346,427.1916297,12.78546881,0,0,0,0.516941132,0,0,0,0,12.35174499,,0,
6/22/2012,6,22,2012,E4,184,52.4107641,10.55432646,0,0,0,0,0,1.212619783,0,0,138.8628147,,0,
6/22/2012,6,22,2012,E5,301,129.3424821,2.02705931,0,1.575864849,0,0,0,12.97924082,0,0,84.87039961,,0,
6/22/2012,6,22,2012,E6,244,114.3965689,0,0,0,0,0,0,0,0,0,143.1479083,,0,
6/23/2012,6,23,2012,E1,141,202.3373679,0,0,0,0,0,0,0,0,0,0,,0,
6/23/2012,6,23,2012,E2,189,303.7357247,1.835462717,0,0,0,0.516941132,0,4.326413606,0,0,7.943282347,,0,
6/23/2012,6,23,2012,E3,127,193.7916422,2.294467007,0,9.891188008,0,0,0,0,0,0,0,,0,
6/23/2012,6,23,2012,E4,40,21.76876775,0.917731359,0,0,0,0,0,0,0,0,2.785761803,,0,
6/23/2012,6,23,2012,E5,114,70.82292117,16.64771361,0,4.614884168,1.651181523,0.516941132,0,0,0,0,2.362823373,,0,
6/23/2012,6,23,2012,E6,82,33.3848118,0,0,0,0,0,0,0,0,0,6.531317758,,0,
6/24/2012,6,24,2012,E1,217,299.9310907,9.573270441,0,0,9.164398754,0.516941132,2.231589866,0,0,0,12.65916698,,1,48 hr sample; 5/24-5/25; all values are averaged (rounded up)
6/24/2012,6,24,2012,E2,299,408.6261848,0,0,0,0,0,0,0,0,0,14.46483799,,1,48 hr sample; 5/24-5/25; all values are averaged (rounded up)
6/24/2012,6,24,2012,E3,207,234.2785872,3.212198366,0,0,0,0,0,0,0,0,12.65916698,,1,48 hr sample; 5/24-5/25; all values are averaged (rounded up)
6/24/2012,6,24,2012,E4,92,46.16657506,10.55432646,0,0,1.651181523,0,0,0,0,0,47.0441566,,1,48 hr sample; 5/24-5/25; all values are averaged (rounded up)
6/24/2012,6,24,2012,E5,174,90.98362991,12.38951195,0,6.190749017,0,0,0,0,0,0,15.99314577,,1,48 hr sample; 5/24-5/25; all values are averaged (rounded up)
6/24/2012,6,24,2012,E6,151,67.79947536,1.835462717,0,0,0,0,0,0,0,0,39.31313077,,1,48 hr sample; 5/24-5/25; all values are averaged (rounded up)
6/25/2012,6,25,2012,E1,217,299.9310907,9.573270441,0,0,9.164398754,0.516941132,2.231589866,0,0,0,12.65916698,,1,48 hr sample; 5/24-5/25; all values are averaged (rounded up)
6/25/2012,6,25,2012,E2,299,408.6261848,0,0,0,0,0,0,0,0,0,14.46483799,,1,48 hr sample; 5/24-5/25; all values are averaged (rounded up)
6/25/2012,6,25,2012,E3,207,234.2785872,3.212198366,0,0,0,0,0,0,0,0,12.65916698,,1,48 hr sample; 5/24-5/25; all values are averaged (rounded up)
6/25/2012,6,25,2012,E4,92,46.16657506,10.55432646,0,0,1.651181523,0,0,0,0,0,47.0441566,,1,48 hr sample; 5/24-5/25; all values are averaged (rounded up)
6/25/2012,6,25,2012,E5,174,90.98362991,12.38951195,0,6.190749017,0,0,0,0,0,0,15.99314577,,1,48 hr sample; 5/24-5/25; all values are averaged (rounded up)
6/25/2012,6,25,2012,E6,151,67.79947536,1.835462717,0,0,0,0,0,0,0,0,39.31313077,,1,48 hr sample; 5/24-5/25; all values are averaged (rounded up)
6/26/2012,6,26,2012,E1,236,400.3122164,2.294467007,0,0,0,0,2.231589866,0,0,0,0,,0,
6/26/2012,6,26,2012,E2,177,265.1244032,0,0,0,0,0,0,0,0,0,16.44371705,,0,
6/26/2012,6,26,2012,E3,104,135.402557,3.212198366,0,0,4.868572184,0,0,0,0,0,0.557152361,,0,
6/26/2012,6,26,2012,E4,14,2.078332999,0,0,0,0,0.516941132,0,0,0,0,10.54607398,,0,
6/26/2012,6,26,2012,E5,60,32.60213988,4.129929724,0,0,0,0,2.231589866,0,0,0,1.805671012,,0,
6/26/2012,6,26,2012,E6,174,70.50542165,2.294467007,0,0,0,1.033882265,0,0,0,0,2.919975734,,0,
6/27/2012,6,27,2012,E1,110,167.4763291,0,0,0,0,0,0,0,0,0,12.47619681,,0,
6/27/2012,6,27,2012,E2,27,31.60445759,0,0,0,0,0.516941132,0.334035168,0,0,0,1.805671012,,0,
6/27/2012,6,27,2012,E3,37,43.55962148,0,0,0,0,0,0,0,0,0,0,,0,
6/27/2012,6,27,2012,E4,9,1.178428807,2.294467007,0,0,1.651181523,0,0,0,0,0,2.785761803,,0,
6/27/2012,6,27,2012,E5,61,30.55907033,3.212198366,0,6.190749017,0,0,0,0,0,0,1.671457082,,0,
6/27/2012,6,27,2012,E6,17,8.509430622,0,0,0,0,0,0,0,0,0,9.102997702,,0,
6/28/2012,6,28,2012,E2,231,268.8451679,1.835462717,0,0,4.868572184,0,0,0,0,0,1.671457082,,0,
6/28/2012,6,28,2012,E3,206,232.8697319,2.294467007,0,0,0,0,0,0,0,0,0.557152361,,0,
6/28/2012,6,28,2012,E4,174,65.36140405,4.588656794,0,0,3.302363047,0.516941132,0,0,14.35517221,0,93.86869592,,0,
6/28/2012,6,28,2012,E5,310,161.2306217,5.506388152,0,4.727594547,0,0.516941132,0,0,0,0,45.47103874,,0,
6/28/2012,6,28,2012,E6,358,127.1480416,0.917731359,0,1.575864849,0,1.033882265,0,0,0,0,64.8519631,,0,
6/29/2012,6,29,2012,E1,167,224.4484167,13.70320017,0,0,0,0,6.778044728,0,0,0,4.71588463,,0,
6/29/2012,6,29,2012,E2,125,206.7900532,0,0,4.614884168,1.651181523,1.033882265,0,0,0,0,5.27303699,,0,
6/29/2012,6,29,2012,E3,73,100.6007154,0,0,0,0,0,0,0,0,0,0.074642639,,0,
6/29/2012,6,29,2012,E4,38,20.69933837,1.835462717,0,0,0,0,0.334035168,8.652827211,0,0,0,,0,
6/29/2012,6,29,2012,E5,237,111.1813438,1.835462717,0,3.151729698,1.651181523,0.516941132,0,4.326413606,0,0,25.07185622,,0,
6/29/2012,6,29,2012,E6,111,53.59934017,0,0,0,0,0,0,0,0,0,20.90735245,,0,
6/30/2012,6,30,2012,E1,117,186.7000868,0.191596593,0,0,0,0,0,0,1.651181523,0,2.362823373,,0,
6/30/2012,6,30,2012,E2,120,148.4801114,0,0,0,0,0,0,0,0,0,1.114304721,,0,
6/30/2012,6,30,2012,E3,85,92.06314058,0.917731359,0,0,0,0,0,0,0,0,2.228609442,,0,
6/30/2012,6,30,2012,E4,59,39.66598175,4.780530607,0,0,0,0,0,0,4.868572184,0,7.844716934,,0,
6/30/2012,6,30,2012,E5,137,79.86282758,14.03096775,0,9.229768336,1.651181523,0.516941132,0,0,0,0,4.457218884,,0,
6/30/2012,6,30,2012,E6,221,91.43900385,4.129929724,0,0,0,0,0,0,0,0,2.362823373,,0,
7/1/2012,7,1,2012,E1,103,117.786215,0.917731359,0,6.190749017,0,0.516941132,2.231589866,0,19.22374439,0,1.805671012,,0,
7/1/2012,7,1,2012,E2,161,182.977456,2.753194076,0,1.575864849,1.651181523,0.516941132,2.231589866,0,0,0,0.557152361,,0,
7/1/2012,7,1,2012,E3,102,88.8372636,12.92163979,0,0,0,0,0,0,0,0,9.43176926,,0,
7/1/2012,7,1,2012,E4,135,70.4889718,1.835462717,0,1.575864849,0,0,2.231589866,0,14.03297094,145.300016,89.12187145,,0,
7/1/2012,7,1,2012,E5,283,152.1772877,1.835462717,0,6.190749017,1.651181523,3.101646794,0,4.326413606,0,0,38.68999061,,0,
7/1/2012,7,1,2012,E6,198,88.85207103,2.294467007,0,0,0,2.584705661,0,0,4.868572184,0,58.32064534,,0,